,client_identifier,email,country,bitcoin_address,credit_card_type
0,7,ringliby6@ft.com,United States,1J71SRGqUjhqPuHaZaG8wEtKdNRaKUiuzm,switch
1,8,dmattielli7@slideshare.net,United States,1Q5FAwgXbhRxP1uYpgwXMY67zFzUDkwutW,mastercard
2,15,mbernardoe@scientificamerican.com,United States,1GnNjsnbBTw6w9WHnZ8apuxZZcqkhycT9a,jcb
3,16,cdarcyf@people.com.cn,United States,17y4HG6vY9wDZmeu53rK3pAKS8ErtaTsQC,jcb
4,17,dbridgwaterg@youku.com,United States,14reD6Z1kUjg8QC5Yaz199gYyXbm4QdFTo,jcb
5,19,bstuttmani@cpanel.net,United States,1FeH4KecDLZYXEcAut4Dj4ciojsBEB1pDb,mastercard
6,22,bcarletl@symantec.com,United States,1Krg2YbF16fmnixrB8DGcU7cZ2BF2ovAxU,mastercard
7,27,apayq@netlog.com,United States,19Jx3x3za4R4CzXM4MixjDQjzTFGHfq18X,china-unionpay
8,29,epoulsens@yellowbook.com,United States,1PaGdFCm9fUZGGyrVWtXwzKvnL5vmyDnk8,americanexpress
9,30,nbenedttit@berkeley.edu,United States,1HLCUvXRmNWGdz3q4o5Ts8KgkcY3kiBtwN,switch
10,31,mcuthbertsonu@drupal.org,United States,12nrx2abHJJhqjF8cdkvBtHTJAuNGmdxJg,mastercard
11,35,kglossopy@google.pl,United States,16dgD7KrcvnX9z1K3CbcDvevzwTk7Y6rvu,visa
12,36,dbuckthorpz@tmall.com,Netherlands,15X53Z9B9jUNrvFpbr7D554uSc5RL7Pnkg,diners-club-international
13,39,imascall12@networkadvertising.org,United States,1HTwtuDq4sujd4RVZ4RbfVY4j3A31wyuNy,jcb
14,40,rmaccrackan13@google.co.jp,United States,1Ex97yUGwTs8XYpoaotrTNj9ysG7BCfHTe,jcb
15,41,tgonsalvez14@wunderground.com,United States,19NZ2y22cSkMuumkeHq2T3dhVA4mZUEz7x,jcb
16,42,kimloch15@ifeng.com,United States,17PPLnwAkxXTc6ytfUpmHCVvR3zHzyQDKv,jcb
17,44,tnewman17@tuttocitta.it,United States,1N49CZF1tz5GU7xwmmMmBAkGupPWo4us7X,jcb
18,53,gstaning1g@wisc.edu,United States,16SrYeRnoWDrXiLDRqTtPSewZtCSxyWh3X,jcb
19,58,ggulleford1l@hatena.ne.jp,United States,12SdtcFb88NL3tZphQFrHrwTJc8RS6nbaG,jcb
20,59,ashinner1m@boston.com,United States,1NcvW1y38fYgrcrRFFF4vBdrT33HnniTJR,china-unionpay
21,61,gbarczewski1o@bbc.co.uk,United States,1MjmJTrK94VxvShRMdSH6zg54uBz4ZZvkn,jcb
22,62,bbarham1p@wisc.edu,Netherlands,16qpYVt6YAAx4JYjzbA8SwTUHoTyB4twRF,jcb
23,71,dplumbley1y@diigo.com,United States,1Gf4LPvcAP2dv4ah62ZLwDQzCYMBiXRxLx,switch
24,72,abillingsly1z@usgs.gov,United States,1NkrUawgGVi8MUUvAX4SuECSmWgeehZca6,switch
25,73,snurcombe20@posterous.com,United States,1AZrZYHauHrPDaAhtpezN4uBhsbadArS43,jcb
26,75,blethcoe22@fema.gov,United States,1DLZ2eJ8oMXSYJHt4t3NbtdtnT8LVwsDqk,laser
27,77,speet24@discovery.com,United States,1Q1kyAdaVTVbeC4kqqbstf8UQGRgLcbKjj,bankcard
28,78,vseligson25@livejournal.com,United States,15DPDsP5f7mUTjCeeqyW6etuFanukXHT6f,americanexpress
29,84,mbraams2b@bing.com,United States,1Kob8K4BHzPXJfjzfkFq3ZHgxHkj8scKTN,jcb
30,86,adownie2d@globo.com,United States,1teET2Npuip2N1rHTT3Byx7K5hqavBZjy,solo
31,87,liacovone2e@house.gov,United States,1EdEXKba5D8Y4XE4W6B7drTQYf9qWY3t5g,visa-electron
32,88,bvynehall2f@eventbrite.com,United States,1FKNF52VLdJQgSzJR7ovhcCLRzYrphJKBz,americanexpress
33,90,gbakes2h@shutterfly.com,United States,1PaBGb5gYYcEzShsenXCedf2LqMiNe61vS,maestro
34,94,scastelain2l@slashdot.org,United States,1NDmvzTjRuhCw6JhwwA1cWarYYN2A8T7Sm,jcb
35,99,jduigenan2q@purevolume.com,United States,1B6ET9iNCVnZdE9dkf8gKNMpGB4a6fTezw,maestro
36,100,dmyatt2r@utexas.edu,United States,1NqY2RWDCFNwrGtqQ5LWwP1SEAFcTH6F8d,jcb
37,103,rflaherty2u@livejournal.com,United States,1Lvb5n4YwDQ1rH3P2csntDgTU1aMHQ9HXp,switch
38,105,linfante2w@telegraph.co.uk,Netherlands,13j6FKzrLgumLUqeYH4baeY5qZgiwGW5UC,jcb
39,106,vmcginnell2x@newsvine.com,United States,1LeTnuaETkv5zTaF9JiVU1yBeizgYwciFU,jcb
40,108,rpartkya2z@cdc.gov,Netherlands,1RcsodKknm8thkCL6F4Vcmo7f4A7r6ydj,maestro
41,109,mdory30@uiuc.edu,Netherlands,1HxV2jkyM3PXbsH4qGsVX3hwcAb4SMi4AD,jcb
42,110,rswindle31@tmall.com,Netherlands,15cRJ4mzZd4Vgd33xbVjEtYw9c6f1WfGkC,china-unionpay
43,113,rragbourn34@vinaora.com,United States,1ASMSuymkM3rwSwiJtkknowrP2F5KWgBig,diners-club-enroute
44,114,sologhlen35@netscape.com,United States,1LJdmHRvFqCVSZcDE6CZxWsWRW6iQsSgbQ,diners-club-us-ca
45,117,hlitton38@blog.com,United States,1HU2jTHUxYQNASUFGSRq1Enye483YH5GZM,jcb
46,118,cthombleson39@cloudflare.com,United States,12K7cT6qiokFzaQZe6VLkjjkdE7ajaBGow,jcb
47,119,sfullicks3a@answers.com,United States,15ffaZPDcrBU48gf9wh9XQ6snxwWJ12e3s,bankcard
48,121,gaitcheson3c@lycos.com,United States,1FsjEpfDUNRCPAfEbHWrDKPxPRTTKBEcy9,visa-electron
49,123,bdelaeglise3e@pcworld.com,United States,1GnvVrnhTziN87BvzXpVrqrVGsgN6cDcP7,jcb
50,124,wdarco3f@geocities.com,Netherlands,1CB7AdhTFBXmxuABm58yKmCmsvVqDjT9P1,maestro
51,125,tballston3g@uiuc.edu,United States,1GJDZAyKtvFyWxF3gqqPxXYCbNxbUkwkwW,visa
52,126,mwilce3h@wp.com,United States,1HRDskdQToCiQKpmesWNutHvdoM6QgRXnM,diners-club-enroute
53,128,vnapthine3j@ning.com,Netherlands,16DbYq1KR8DVSQu5E9WU9ohuofBm5AHB2Q,diners-club-enroute
54,129,jpetkens3k@slideshare.net,United States,1NgoCt51zXpqrE3v6LymGhYDEzM5GnyY45,maestro
55,130,hjenkins3l@forbes.com,United States,14g6pVWWWNSkEJCZ7zVo5xbX6hin4EfEGk,jcb
56,132,kpiotr3n@rediff.com,United States,1BYP7s3Cv6X2uFAAV5TFwvhPAZXZytZX7S,diners-club-enroute
57,133,bhalladey3o@blogger.com,United States,1BuSrTHpCQuScSBaDLbcTCfwJaRvZ9tamD,china-unionpay
58,137,sdukes3s@github.com,United States,161PNxXuRHdSAmCCv2F2DtJoDRmHH4Puvr,jcb
59,138,ccasserly3t@zimbio.com,United States,1mDwGuGn2n7QenUi4MCgE7wExNC3HHh33,jcb
60,139,dbonavia3u@java.com,United States,1FXqmMwzvGaaxRDq8M7jXnTq6MsbP3KRin,switch
61,143,derrowe3y@php.net,United States,17LKWydgZEE4EkToW9EiM7sqU42yRinfgK,jcb
62,145,tkores40@omniture.com,United States,1HruBJQL9tNACQYDKopB9pLRABn5Gqkgob,switch
63,147,ofochs42@unblog.fr,United States,1MixuvdkVZQhkFot85XQkcaY8hU1F4Ruov,switch
64,150,lkoenen45@merriam-webster.com,United States,1EToNeah13gHCYZn9MW7wy46vwgoN9fWuJ,mastercard
65,153,drosenstengel48@soup.io,United States,1N3UzFW9PhN4pcSzmxhssdfh9uvdTAPFDD,diners-club-carte-blanche
66,154,lbatterson49@mashable.com,United States,15t9EykKtqdKzV7Na9fc89orLhi93x4tpv,jcb
67,157,ncattemull4c@vimeo.com,United States,1HwYrw7942uzpNAzM8LeEoYNijERBYo2wm,jcb
68,158,askedge4d@patch.com,United States,1ETKFAWGae2by3mkFruDBeSxZRNNcnamhH,jcb
69,159,tschober4e@wp.com,United States,1H7Y1Srzv5zoo4dq3bWRTbxQdGW6X57ZNb,mastercard
70,161,lmcardle4g@newyorker.com,United States,1BUYSP3vTanwdY84vRG2VXJVMCEzC6vewr,maestro
71,162,dpittoli4h@networkadvertising.org,United States,1GAjYkWjNDaJBWqTv83bNDW7QzwfWXsoJ6,jcb
72,165,hheinecke4k@altervista.org,Netherlands,1KgbP1KXt5xs2sBLudwt7SZM14NZXN2yNd,jcb
73,167,ntatlowe4m@github.io,United States,1CJbAcbo2KJ8rUoYk9ro9rf4rWKvRX7hkh,china-unionpay
74,179,eferrarone4y@macromedia.com,United States,19azC7y2rks6uSVqXFsFC36tzsV73RiZcG,jcb
75,180,rreggler4z@google.es,United States,1Gt6d3Q5aR2doJTGK9UtuKAHGRF3Q6eQGt,mastercard
76,183,ngehrels52@netvibes.com,United States,12ybv1JmpRMgUAGHYWShxxeQRgTiuh6xdg,jcb
77,187,ccaban56@photobucket.com,United States,1FK4sM19KttfyuSQBgbjjctsdLPdbkzgRi,jcb
78,189,etsar58@ovh.net,Netherlands,1PktCHyic9G4aZu15Dd3N1PUf45wW4MmFs,jcb
79,192,mlamprecht5b@chron.com,United States,13kWPvLSCWmJtxt3DkYabYqNLKmmoqt5Mn,maestro
80,194,igreated5d@live.com,Netherlands,12KTfvJwTfnJn3dFtZ8KaLycn5noXetTFo,jcb
81,196,bmaxworthy5f@dedecms.com,United States,1DkmHzyC4e3PP1VmaJSmhjgQ2QmsqiKPde,instapayment
82,198,rmanueau5h@prlog.org,United States,1HS7zyoPMGAbB5cGAfsKjgueqYmbcdh5xe,mastercard
83,201,omemmory5k@state.tx.us,United States,1HkfbqVncBbR3TbF3gxsMCnz5qTo6peera,jcb
84,212,jdeetlof5v@free.fr,United States,14ddq1UeVDyToSn4Xb1brEu6XmEaHmq6z2,diners-club-carte-blanche
85,214,hmaides5x@google.cn,United States,1ChHpmUoxyHuGbsWbjyJzUaXRBoMiiSDuD,jcb
86,215,ngliddon5y@hhs.gov,United States,17vQbdUE2wuWVaS6BVQHdKrZtFuDnwdLKg,jcb
87,216,gcarstairs5z@e-recht24.de,United States,1GxFKXXNRwqcEVRWJygUq6bfGqFnyZqQek,mastercard
88,217,ekenset60@ehow.com,United States,12XXCG37m1Uyp6i5RjBr48YweNXKvF93c7,mastercard
89,218,clawranson61@usa.gov,United States,1LPtrk6hjJFjfGRPkLTdCHmtkEd6zdWkrt,switch
90,219,dquince62@list-manage.com,United States,1GPLB4YvWYxjQc3XEnsQFpPZdM8AWkrTvp,jcb
91,220,adowsing63@mail.ru,United States,16oxuFc7XUczTVySWSAGXF72GmqPaciBbj,laser
92,223,kditzel66@de.vu,United States,1G56Gqcy4vgnhw7am9unyV4iDTsxAkVHdG,diners-club-carte-blanche
93,224,ldrever67@livejournal.com,United States,121HTha5qKVuAGCxJMyS85Q5jtZMtm83bd,jcb
94,226,bkielty69@google.it,United States,13xmooAVhYeEbGxWVjYC1J9MXZ7chjnFgY,mastercard
95,227,cwraggs6a@instagram.com,United States,1LSvwiMshvxprFGDmvT4dsZFN7VFxnfBPu,jcb
96,229,istichel6c@networksolutions.com,United States,1CSW6aaHQXSdkDp2Xtpd4HLRpjd6pWDvUr,visa-electron
97,230,eleyson6d@1688.com,United States,13HmqEWyUkcDDKLRSowKB7grFo8eHqQwsE,jcb
98,231,ogounin6e@reuters.com,United States,15q1tqP6ofqjvUJh8vaAwLUM7xefp6Jw6S,diners-club-carte-blanche
99,233,croles6g@house.gov,United States,14eUoXGrk6VLLMzqLhE3KjeWDaujKwghgK,jcb
100,234,rlatore6h@stumbleupon.com,United States,17PmXcqSJkStkFfLR14AM3NKhNFnrQ26v5,jcb
101,238,skeates6l@discovery.com,United States,12Y5FV38gyJSAtnhpq8rfwnbbFaqnouXcD,mastercard
102,239,hgolley6m@nydailynews.com,Netherlands,19KrAve717pGFqYLiQvw63yV3Ar6XabJhD,mastercard
103,240,rbownd6n@hostgator.com,United States,1Q2Yxj5j4LsDwp9MKA7aqac17xpqMJnXfH,china-unionpay
104,242,acosbey6p@wix.com,United States,1EffCTeyNhHrxi4kM45GR6sknVvrruU2ur,mastercard
105,244,vmisson6r@arstechnica.com,United States,1C7x5uVLDuuY8FVxHLUYzt8stcbg8ukAZA,maestro
106,248,mbrewer6v@facebook.com,Netherlands,16WS73NGVmHfpuWqPkEjN9pirzG9qkgvPJ,americanexpress
107,249,bbiglin6w@blogger.com,United States,193EpsAmaG69n9wjRtKqmXwrooPecqVgmq,jcb
108,250,cjerrolt6x@gnu.org,United States,1KosnqBcrj9Mo4mDnDy58vzXxuJezWuaZ3,jcb
109,251,bmacdearmid6y@php.net,United States,12azUbY3tGgVTQabLzWC8a4khWenPEbR6n,laser
110,253,dfounds70@slideshare.net,United States,13vD4E8iBT77kJuWptq4w9pRSWAKo1uv5u,maestro
111,255,jknowler72@nba.com,Netherlands,1JtjCw3Nj42ZPgeFkgFJAPcVCyvt4sMLPh,jcb
112,259,rmusla76@nps.gov,United States,1QHnjnthQyb8m7kJ2ySMKi1BurKMhpeqfv,instapayment
113,260,losment77@homestead.com,United States,1AnnbmCAfwof4KxemequN61RbxiVZ8ZVJq,visa
114,261,sfoux78@nytimes.com,United States,1DqNy6TciWnC13zEytFrvRewqtTzgvoan2,jcb
115,264,gtakis7b@si.edu,United States,1JQ7gVnRRyqwUENXu9pQZWV6QMGDBhC2WQ,mastercard
116,265,langrock7c@ucoz.ru,United States,14mYLAgSV5tZzRwtfL9YF5N2iFHxgEsr2d,americanexpress
117,267,obranche7e@pagesperso-orange.fr,United States,1J2y5YaZBkjrxqfsmRKJoPFErQjck8EaNQ,mastercard
118,271,acockarill7i@japanpost.jp,United States,15sCc4Y88r8WmhKQHvJqkQ8D7Uf3sKTyi6,jcb
119,280,ftorrance7r@bravesites.com,United States,14erThnZzuHFFJH3H7cFLLZYUwZdvaQ7dj,china-unionpay
120,281,rromaint7s@4shared.com,United States,13yVGzTgW6e6H8Bi8roQBjKWu6rCWPEi8D,visa-electron
121,285,rtretter7w@businesswire.com,United States,1JX9yVPD33YPEPM33XVzvD9BFQ2fYTDHYH,diners-club-carte-blanche
122,288,elalevee7z@auda.org.au,United States,1Dzy17R4KiqTvn3tgpgBrfKJfPYPLUxP2m,visa-electron
123,293,lropartz84@meetup.com,Netherlands,1PJgSoTde2rSpfYRYpied1y35KVke7kvXo,jcb
124,295,chedaux86@cpanel.net,United States,1PVW9k3sN9agD6jepBn6gixHwbg1Hp23RN,jcb
125,296,hmcpake87@bravesites.com,Netherlands,1A3rYCZeBfy1V1W3ypcfVdZm6TCU3TFkLv,jcb
126,297,cseebert88@ihg.com,United States,1H211F5U61hdWaciXvnRHXM51iVFtSLTFB,jcb
127,298,jselland89@bloglovin.com,United States,1J5VYJX8WzDy6J1nXWqeSyJcu3ud5VLuRj,jcb
128,299,cantunez8a@booking.com,Netherlands,1C74dmFYGZiSzsZH6Lw41bWCu8U3mTvcth,diners-club-carte-blanche
129,302,fdundredge8d@usnews.com,United States,17wvAjBAhz74RncFBMRtSK22hapW8AySNE,jcb
130,304,hpurkis8f@unblog.fr,United States,1B8dT3ofJbw22V3aTj5Rc6GraCK85yU2Md,china-unionpay
131,305,rphelan8g@imageshack.us,United States,1Fq77QXuvj5D6gb1obqGMWmXJTsKACyvxK,jcb
132,306,ohyder8h@fastcompany.com,United States,17DT7nzVyCivzDNmjQHqtTE9U9TUqwhtBo,jcb
133,308,ckirwin8j@jiathis.com,United States,15A2ggitCUo5L4yWpb2ML7erci9Jp4Z8Rs,diners-club-enroute
134,311,wwhenham8m@woothemes.com,United States,16zZa198Rk6dtxB32hdnuaPAGR7JxGDNEp,bankcard
135,312,rffrench8n@walmart.com,United States,19sL3dKAJfukZnVwZdsme56pzoSDW4J2YN,jcb
136,313,gsunner8o@weather.com,United States,1pUH9XsWwZD2f1wAw4xCEcp4q16pPaRvK,jcb
137,317,blongden8s@de.vu,United States,1Hrn5A5Jwg4gQ8n97CZ8CQjthJpiMnYhDA,visa
138,322,nmccory8x@diigo.com,United States,14Qwa7J9TdWNGKGCrv5evfnQM73GcidtAs,jcb
139,323,vpitbladdo8y@merriam-webster.com,United States,1HVHbWmZ5dwE9w1V5fANhfefw46gNuvzDh,mastercard
140,324,bmcpharlain8z@infoseek.co.jp,United States,15jG8xupD1mGE8JMkrahvggB3CELQUoZ9t,diners-club-enroute
141,325,sgomersall90@nymag.com,United States,1ei9D3gRUUgvV5aGcCiBLtdU1aNaCAADf,switch
142,326,calred91@ted.com,Netherlands,16tRkPChNu4RTqJ7tkZa52os2HZvh2hjif,americanexpress
143,328,agoncaves93@oakley.com,United States,1JndfBXRMFBS5obgPpgPosLZpJd6FnZzRh,jcb
144,330,dmahony95@sohu.com,United States,12ioTZGpKN2byb3qJ4BFTAZ863V4RXGyUh,visa-electron
145,332,vmandrake97@ihg.com,United States,15anYX2567XYMQ2V7LzqChB3WBVKrXoKm9,instapayment
146,334,wmaccheyne99@cmu.edu,United States,1GBCPvp6MzVowiwSfUzXChbvZfqE3cwoRQ,diners-club-international
147,338,gdalbey9d@tiny.cc,United States,1GdqNq5UnR4RxeqtYB9P5CTRrhP8RGvBKz,solo
148,340,pchipp9f@ehow.com,United States,12rcsUNJwV1k4A7yTnN1ircMNuPAdsrf87,jcb
149,341,egallaher9g@51.la,United States,1P6aFYrVxtB9iX2LLNx8AgrmyvqhhrnB3F,jcb
150,342,gbartholomieu9h@barnesandnoble.com,United States,1AEg6F4g1VjnQXEUAGmskrFvt6adRW1xux,maestro
151,346,dskough9l@imgur.com,United States,1Fm2BrsFkx6Q9htZW4NDQUzZUs85PdVoE7,switch
152,348,kschumacher9n@domainmarket.com,United States,1Aaw7zeX5iuTerphiJJKRs9iouSbbkErke,switch
153,349,jcolborn9o@usatoday.com,United States,17DEkzPxVJhf4HWoSVvJj2vrTn4UViQvJ6,americanexpress
154,353,tdarton9s@t.co,United States,13GTMnErupTJKcWhbURrWouRfgJYwr55BT,jcb
155,354,wochterlonie9t@ebay.com,Netherlands,16Q23WzZFnnADqSq9z2oRDJZE7SJ2bFHrS,diners-club-carte-blanche
156,355,cteese9u@economist.com,United States,14ni6zUzCtsAvXoQWrbVRk2d9dcPqymTi9,diners-club-enroute
157,360,bdebeauchemp9z@imageshack.us,Netherlands,1DTzwp1kZCBx9FED2678d5g5ArrefirrXW,laser
158,365,sduesburya4@admin.ch,United States,1PpqjiMYEMNmUteHRcSbj7Uz7o37v7JdS5,jcb
159,367,mmaghulla6@dmoz.org,Netherlands,1FCv1LeZu798EhajuFMZg49zb5D7KTMZWE,mastercard
160,369,aheatleya8@pen.io,United States,1Q3bk1G4FbJYqV3SzNP4bnSKbsVuUe688u,visa-electron
161,373,adedamac@arizona.edu,United States,1DVAgWzytyUMWm5hb8v5VDUboXEH3ARs4e,americanexpress
162,377,clessmareag@myspace.com,United States,1HruRU5Nns4vPKhahzumaBmh2ujab7RBQV,jcb
163,379,tjahnelai@bbb.org,Netherlands,1HZN5ZVgPqK1iVLKVMxH658kZ3pBDBcEw,jcb
164,380,bpatiseaj@umn.edu,United States,1LZSz2P3pfdPHcbPHsi6UzoK5kU7p2byXk,americanexpress
165,381,ebarttrumak@livejournal.com,United States,1GywFVxzyi9Vq1CWzX9t93cvB5rQjKQ7GP,instapayment
166,382,rbosnellal@imageshack.us,United States,1BMx6996gkfoYNzgga2M6NxDf9ne1riNxS,china-unionpay
167,383,tstockeram@google.ru,United States,19ZdcGYCmcSU75Gpke6D5YPojJ7KAzXKsY,jcb
168,386,iphillinsap@live.com,United States,18gbKL8KKrECn4vd2PxnuvLR7Wg7pob3Dv,jcb
169,387,bgiacominiaq@rediff.com,United States,1CZNPbq2U9YMUb16bzoUSfqWdWCy37FdRo,solo
170,392,jfarrenav@seattletimes.com,United States,16Ba8ygArg2dmCp9iZxJ3ibfWdCUNE7oVT,switch
171,393,nmcbeathaw@naver.com,United States,19DtK1HkWLZ9nvnxoFePZ4LaDegf91LUNW,jcb
172,395,cdongallay@usatoday.com,United States,19N92FcbHmx1663qgQoPY3Q3ryCoT3NMQT,diners-club-enroute
173,396,redgecombeaz@google.ru,United States,1L9iqwE1rGhQP4zCkj6bXpWNicVPqLbqnD,jcb
174,402,awithamb5@ebay.co.uk,United States,1G17G8zzqGzHHvToKCT2fQH5fZiLucdP4b,mastercard
175,403,omcgreyb6@youtu.be,United States,1MgqVsViX7YPossqyaGUtVaUasKG8MhTmU,jcb
176,404,cmathelyb7@delicious.com,United States,1MPrUBpH5ykYPvs2oYuFTnsyjzes1bXvwG,mastercard
177,405,pmityakovb8@purevolume.com,United States,17G3HCjaSvCVF5K1ZQMaYWvx5t5er9MRfF,diners-club-carte-blanche
178,406,jwhitbreadb9@accuweather.com,Netherlands,1BbeY2TE3u7ARieG5FKuSZzbLFHyBkFoQF,americanexpress
179,408,ckebellbb@google.ru,United States,1KkSGYU3ejCU2dZQtwqxn6Adid6i7SSKC3,jcb
180,411,kmalitrottbe@joomla.org,United States,14aBhxn6Er3XPCc2tNMMqf6pLrkjhPJPyg,diners-club-carte-blanche
181,413,emessentbg@t.co,United States,17iaUoGfdTiY9ekYXxNQhU8yYC4cJGiGLN,jcb
182,417,efarnabybk@cmu.edu,United States,18MMFV777uk35mSQG9aFgqtKj6Z3Wv8vm2,laser
183,419,bgrishanovbm@arstechnica.com,United States,19921XJMavRWFem8gCThCsLSnq7ntZRRVA,jcb
184,424,cdupreybr@walmart.com,United States,1CVS6Zg2CoYgqjHfHmizY9dYpGD9VuBNQQ,jcb
185,425,ogetleybs@fc2.com,United States,1Q4mib5vXfx2pXNdcXxQHwA3wMzCLLpxPx,jcb
186,428,mmallordbv@yellowpages.com,United States,1BhMz5z5N6haZ2z35v2KhPioweLaj9Na3i,jcb
187,430,ariccardobx@surveymonkey.com,United States,18gSATyxyXYhv7jeyv7LaAfLDbxfbKmbx5,mastercard
188,431,aoraeby@psu.edu,United States,1KYvzn1cU8ZWDurFWLc9ef3UHnk6DRQ5uB,visa-electron
189,432,pmicheaubz@goo.ne.jp,United States,17hegmkTiNfLXvr3pWj88HoiBMyo2rF5kR,jcb
190,433,yhaibelc0@sphinn.com,United States,1CMrt7zhyCSFcEfCQJSQMiBJHwCxcTfpx6,americanexpress
191,435,dhaddowc2@lycos.com,United States,1FUM2BSWQvmJUWTuHMtSM1unr2YrG9cbjh,mastercard
192,436,pomannionc3@yandex.ru,Netherlands,1xVt3FxfHQvzXPhXVp6VRSEydUUVzRWK7,laser
193,437,driordanc4@diigo.com,United States,1PoBjdXhKbqfa38asGNMUC1V2TEof5qG2y,jcb
194,438,mdoveyc5@joomla.org,United States,14JoGwMUMHKVJZtiKEPaXZcL6ZpSec87km,bankcard
195,439,lspradbrowc6@friendfeed.com,United States,1LghKgknSqWhs2FebHyB1NzgV9Kp97WDxN,jcb
196,442,dleeburnc9@biblegateway.com,United States,1AmVMhj9h1zEDucgYNeGqcwg3mTbuLZY5N,jcb
197,444,bdomonkoscb@reddit.com,United States,1LRjKqx9bgARz4xmgW6NFazSd5qaWGoCF7,americanexpress
198,445,adavidgecc@usgs.gov,United States,1MGtj223t9wM8CEzd1VW8CtCSHX5ZYjVm,jcb
199,446,mklemensiewiczcd@friendfeed.com,United States,1A27yCHxDLX2Ba8HoA6HhriCWWB7H9emnR,maestro
200,447,lgrabiecce@icio.us,United States,1HuGhBeNG83AzbbFUbM1igXBoy19Jx4saq,diners-club-enroute
201,450,awarringtonch@sogou.com,Netherlands,15wYxjYgszjPnSwa4b3nvkdLfdBMTprQ9y,mastercard
202,451,lgodleyci@cornell.edu,United States,1AszM9CZt7nPHSVyqV7KXhyu7CdC7J9o5q,visa-electron
203,458,dlapidescp@topsy.com,United States,1QKof9h3i3kx1zupzfNCyV5UYAmQHnG6Ft,jcb
204,461,ebrokenshawcs@google.nl,United States,1nJmrEjRUQZSfC45T5b9t4Tj1cwJQ9QJS,americanexpress
205,462,nfitzalanct@japanpost.jp,Netherlands,13FaRnAGPb53jC6cw4dQF5qM8XTGRWrY6s,americanexpress
206,467,aanderercy@ameblo.jp,Netherlands,1HHBi9Yt592V74bU5PihuSGekNhGzNGaAw,solo
207,469,gtownsleyd0@usda.gov,United States,122jkjtEpUfNm9etcAPHkmFwS55BpRZ8iW,mastercard
208,470,oreedmand1@elegantthemes.com,United States,17zNN3ZwZsHy5Gter17QSBTy6u4nfuEEiQ,jcb
209,478,obotterilld9@zdnet.com,United States,1FxaxaAR5LVBTPQEiNqTwbmBmtgedYxYMU,bankcard
210,479,dyanezda@163.com,United States,1B6osPE4vA58XJNvzMCoDyUTkYqyesdxZ9,jcb
211,483,lcankettde@senate.gov,United States,1BaVHsiTuRPjzokj1kR2Mww2igfVTKqKmG,mastercard
212,486,hpechdh@blogs.com,Netherlands,1CUeR37xJkVY9jVoAh9UYJc4c85RpnNcmD,diners-club-enroute
213,487,hbrehatdi@e-recht24.de,United States,1HT9xmSaZB1NgUeDgP6CfQgTiLCBXRknaE,jcb
214,488,jdraxforddj@bbb.org,United States,1JEjeG9nRjNMwnp6DSHSMpZHT16PAMFeiQ,diners-club-us-ca
215,489,sfinnerandk@dropbox.com,United States,16gP95nWwoiUgJitXvNbd3JUvM8xgzuifh,jcb
216,491,ttamesdm@quantcast.com,United States,1F6YD4ci99wmbWLRCaxXR4MPiHg5wsMJnC,switch
217,492,dantwisdn@dagondesign.com,United States,1DBEnbEKHxUM16CzRpbJoLH8W6SZSS7bKR,jcb
218,493,hkimblendo@rakuten.co.jp,United States,1EiTVyneX9KaKD3zRi97Wm3ikGfHHQX1K6,visa-electron
219,494,vcossumdp@dailymotion.com,United States,1EJNDxd3DBNkDy8P8fkbHfBvYCYtQrCv5X,jcb
220,497,dmerrywetherds@xrea.com,United States,1FVx782kbAAwb7tgDnnq6WZzzGA5TBRecX,jcb
221,501,ichattertondw@rakuten.co.jp,United States,1NjLTTrQ7hCUBSMbBcGvJSffgB5sFRReib,jcb
222,502,wkrzysztofdx@unblog.fr,United States,19LULSGbTNp9xrWGm1bLfARwiLSZWZU7eV,china-unionpay
223,504,mspollendz@fema.gov,United States,1PDnw1yPZzaEzGckrWoiAao4gq1ZC2QfTR,bankcard
224,506,relricke1@globo.com,United States,1KjbGDkoUAAw4xGFLsyFLoN6gXdEJtLScn,jcb
225,509,mdeeslye4@marriott.com,United States,174WHbEG3q5vhJrr7dSqopQbZu6YYQBL5H,jcb
226,510,eskeggse5@blinklist.com,United States,1Cajdaq1MtzoD2XeSC9knyhXbhnNjcRxLj,jcb
227,511,wbenediktssone6@wiley.com,United States,18uZLkg2J5QhdrSJxhBwfz2mKGmb73EZhj,jcb
228,512,dalberye7@si.edu,United States,1LDVfxy2D8jY2nzsAPdpFePvu61cwGTop5,jcb
229,513,fcicceralee8@vk.com,Netherlands,18zM2XeTncgJJTm14LDhWbMeUE3nvA8NoD,jcb
230,514,meliee9@angelfire.com,Netherlands,191c14CjzgK9DZGE9viRPMyGDqhc2oR46F,mastercard
231,515,tgarlingeea@constantcontact.com,United States,13WrZXnFFhdmNBcbPnUxYMUEzLHpHQG1CR,visa-electron
232,523,bpeaseyei@ox.ac.uk,United States,15f2UuVu2Fp3o86R5BeVwa8xmjJ9mzwUMN,diners-club-carte-blanche
233,525,fstrongitharmek@npr.org,United States,1B4GPdjDASgQMZVfb6bNUMyhiePCvWXkfs,switch
234,528,jfullaloveen@t-online.de,United States,12JsLwuTscoqMwEcg2T3NmuQSoBPfeRTG9,diners-club-enroute
235,529,chardikereo@posterous.com,Netherlands,14TyQs6ta2MhC2erewxosQTjmrvn2P4Gzo,jcb
236,530,rsplevinsep@cornell.edu,United States,1ELVLTXnwghLNpPgoRhQJvMsGV7gazaP6q,maestro
237,533,vlittelles@ebay.com,United States,13687zvXd9636oPQNqvQxRXtWH58X3EEhU,visa-electron
238,539,wearneyey@mysql.com,United States,1AUm2eLbXToM9GV3CxbKXcuEkWV3AStZYa,switch
239,545,nmaccreef4@jugem.jp,United States,1HngA51xwPbeB4SLHCJkvTJGEDwx4A2LA4,diners-club-enroute
240,549,nmulvyf8@discuz.net,United States,1PDuiJRzCi95t8hz8mqXav3AjsAUyCi3Sv,bankcard
241,550,tdenizetf9@slashdot.org,United States,13SBN6a7aMWhJRLktePwUsibrorVp5ntQF,switch
242,551,pwanlessfa@disqus.com,United States,16EaThdACNoy29C5NePZYmSkjQt7Z4ai3G,jcb
243,552,ldigginfb@bloglines.com,United States,12ndY6VoP47a157SYE7ybf1PvTcUw54ZiX,mastercard
244,555,labramsfe@baidu.com,United States,1JDSk8HxdGSnoQjGrs4ofh98yF2wKQJXrU,maestro
245,556,smartinhoff@dell.com,United States,1maXE3VSxVHcaEDuWD1hEvtkHaFMuqtR7,jcb
246,558,aalfordefh@patch.com,United States,19icgsZyCbpv6T1dVudM1ow4SN8N1ss1N6,laser
247,559,gpellantfi@hhs.gov,United States,1DXkoYqPQbjQLCWfYnjSKBCjFEcEcJEu1z,solo
248,562,dbroadstockfl@kickstarter.com,United States,1MkuHvKMSVG7REqj1n5XGXEzmR2mpmHCer,jcb
249,563,mbullinfm@prweb.com,United States,1kXGekKcwhTLXxbGDHWj6LdzexMSe8t87,switch
250,564,gdarbeyfn@deliciousdays.com,United States,1MLDzAz7CprQex4Rs1jGw3JTd8mAR2Qgex,jcb
251,565,bmccoughanfo@github.com,United States,1CfEAswgubEV13hr5rKwTHfCtY38DjB5rF,switch
252,568,eheppenspallfr@cbc.ca,United States,1AapKU8RuAcEpDHY1esBbJyRCZf1SAycKc,jcb
253,571,glacyfu@people.com.cn,United States,1CnxsgBJXLajMK4FS6wFn3FJeWMYQkhsAj,jcb
254,572,gbrookerfv@cargocollective.com,United States,19pJWCnyPb6ykFYWYCiGTcsh5vNDdFoyj8,china-unionpay
255,574,wgershomfx@delicious.com,United States,1DCF88Dm4rhnWSxepvTPco74JPFEt6udTL,jcb
256,575,jmartuginfy@amazon.co.jp,United States,1xuQs46Y7aY7CdDKtxMUvYDeFCyhu5Wsb,jcb
257,577,ccolqueteg0@jiathis.com,Netherlands,12EgsYruxuyrwHi6bDC9FXqzGAmuUawHKH,jcb
258,583,sabramcikg6@netscape.com,United States,14LTJQ7zNkfDB1voG7SZppjf8Y4SEgDDiC,americanexpress
259,585,vseelyg8@feedburner.com,United States,194csWp2UHAp1PpPurrVWXqfRRek38eyFW,visa-electron
260,586,cblackallg9@feedburner.com,United States,1K2H3Q8N1U2Y68KBbeCU44DRuS9BRwMazt,diners-club-carte-blanche
261,587,lburthomga@statcounter.com,United States,15ZRRK5jgCxWgRoXLG96diBiQ8JqZbt3oZ,jcb
262,590,ktallmangd@scientificamerican.com,United States,1JR8yQPdcbqjbVRurvC1GgTBifb9YTg8ke,jcb
263,592,ydowninggf@moonfruit.com,United States,152vQwy6tMVnwDpyhMJaaQsdebPdqvDnSF,maestro
264,600,bsermangn@bloglovin.com,United States,1LraVeveQGNLR61keFTJSGrqgwX5vBoFzM,visa-electron
265,602,bmetherellgp@sakura.ne.jp,United States,1PNSbvxE3gBmYY1u8om9MY4a64MUqxZg8A,maestro
266,603,hgounygq@miibeian.gov.cn,United States,1Bn5XaoPnqYsFbC5pQoERdcM29JorAMn4g,jcb
267,605,kcahengs@bloglines.com,Netherlands,1EMUu7w62n5GzRTZ4ZGTUKMwLppUyrD2Pw,visa
268,608,vcamolligv@bigcartel.com,United States,1VRS3V5NPGBKERYdi7qeMDaDMpJboNSaK,jcb
269,615,jburridgeh2@topsy.com,United States,1LLk39KjyCSZoBG6GtKV87tHqrveJprsnw,mastercard
270,616,dgwilth3@mapquest.com,Netherlands,1H168tEGqoEeeNDaWmNjyEiubqTz3ZdoKG,jcb
271,617,sfonsoh4@google.de,United States,1E6RcWTbin49ZZsDYXezXntZRLqgZ5U7xw,instapayment
272,619,rgerholdh6@google.com.br,United States,12UxY2i33hqpiNoQoyqQrFAt7PDZHTZ89t,switch
273,621,mhainsh8@parallels.com,Netherlands,1MdkbruxnQR61UYstTpKsoqP3fUziVQwei,switch
274,622,chorderh9@twitpic.com,United States,1PvntWgwW8Aa4qFwtP77uE2WbmSCceP1te,visa-electron
275,624,mishakihb@ftc.gov,United States,1ErJAs8BNrcHCS1VQmFYTAj5JvFLrGbQbv,mastercard
276,625,whousbyhc@cornell.edu,United States,1MoVidPEa3Q2UsFswxp7r2FdQAQkki7KcH,maestro
277,628,ccasseldinehf@kickstarter.com,Netherlands,14EWQTXkWhfiQKkKn5JuD5h3EqzLatXbsQ,jcb
278,630,jrenowdenhh@e-recht24.de,United States,1FS7WiKKrA5Rs8izvs868UJRb4yPvbqAxZ,diners-club-us-ca
279,633,shamfleethk@parallels.com,United States,14DgJoUHdwYThftw7gByCKysVb5vTWYqGD,jcb
280,641,crosierhs@bloglines.com,United States,1A21EsLsRtw232Gd6fd7MMMQCsJmQvfGaX,jcb
281,643,penglishhu@google.com.hk,Netherlands,1BqmYwtSwbG8qWUJyqn8TQPB4pWXAx3jMa,jcb
282,644,nfetherstonhaughhv@businessinsider.com,United States,1HU4nGuvCF5o1xeNTbwHnLQvqBwoTpFRir,jcb
283,646,dmacneicehx@psu.edu,United States,1F4dobdn7s7FauayzfP4jDqp6KDR91yGNU,instapayment
284,647,rtebbetthy@forbes.com,United States,1QAX4WaaKNa5Gd8P7AGrpS7NpHW1NvL2Yc,jcb
285,650,eciscoi1@mac.com,United States,1GSUa9r1m3SyGtcKnWbCuYqqmR6BzkL1uh,maestro
286,651,rbarrati2@mediafire.com,United States,19yd6fd9Up9k7gnZQh8iGLtUZ1o37nS56y,maestro
287,653,rmulcocki4@youtube.com,United States,1GnHaQrWfUfN3um9viZDUQACMWn2vCWGM9,diners-club-international
288,654,strani5@hugedomains.com,United States,1EJN8qfp4JCQAGTk7BxAB4bQFCwx7hFN8K,americanexpress
289,655,ebremleyi6@constantcontact.com,United States,1QBe8FYePqexn3FUgFGnBLPCEdBfX7wWih,jcb
290,656,gshirdi7@baidu.com,Netherlands,1PUPePBi6wUMGZomfTqcXojjwYQk7Ha2cu,mastercard
291,660,lshreeveib@infoseek.co.jp,United States,16dRodZRcY652rVj1aaUdG9eiwzA89VNVn,americanexpress
292,663,jneevesie@unesco.org,United States,19uwqMDErQW5xuDkY2ZYUEJ8ByZWnc9LMB,switch
293,666,bdeelayih@hc360.com,United States,13KaAaCgV9KAdJhz6AG2H5Z8pWsGBhdkvj,solo
294,667,estannasii@hatena.ne.jp,United States,1HYx6FYJxD4KzVLEPPrRA9cKTZSzNTDUKA,jcb
295,668,lswaddenij@constantcontact.com,United States,1K3D2YfrgNbEefG5TuoLDzrviX2Jd5bvxt,jcb
296,671,diacobacciim@reverbnation.com,United States,13FjKnzRAQov8R1PQrSy2atscfperArSF8,mastercard
297,674,kbrikip@nbcnews.com,United States,14nUkeTanvjoPPXiivkUDNnMmz6TGJBD7P,jcb
298,677,hlindholmis@nba.com,United States,1FpjnevwZdJBR357bePYfoDzYM8J4oiihc,diners-club-carte-blanche
299,678,tstrangwardit@nih.gov,United States,1LQ8kC2BZPanL4UtsEc6RjQrYsALRhGbhg,jcb
300,681,aguniw@t-online.de,United States,1JrLw7dWwqqeg9B2mnrCEu4ZZb4D8hMdkx,maestro
301,685,dcrakerj0@washington.edu,United States,1L2rSgXWNmvEF49PEQfvXgKLYpRq1zxnrR,jcb
302,687,ialfj2@clickbank.net,United States,1Ffh1a5zNUDc1SBX7MPMupjjtBXMtUsgx2,maestro
303,688,baxstonj3@prweb.com,United States,1A4SeUnUpxohG7vnAW46nfQpQQCVqJA3dU,visa
304,689,wmaccallumj4@rakuten.co.jp,United States,1A8Pu8dfT1Bm58bEbBZbFVLhTHCaV3x9qT,switch
305,690,geastbrookj5@seesaa.net,United States,1M1AEbbiQoPE1k3Udnr9THxigXJj3sutKZ,china-unionpay
306,691,bkidstounj6@senate.gov,Netherlands,1BMrJy7Ac4pAyq8ciBFfGhATAgcHXaPb6P,jcb
307,692,jduffreej7@oaic.gov.au,United States,14w5yTQP9jzh3Q4e8SVpNrht6LKwP2Q5XG,jcb
308,694,vcarwithenj9@merriam-webster.com,United States,1MsDcVdDwWVra51uzCZzF2L1YN8ubuj48S,maestro
309,695,cvestyja@sina.com.cn,United States,1M22P3YhvAbiQzaSouv8TxhqRXjwsaCjfT,jcb
310,696,dbrissonjb@princeton.edu,United States,1NeP81XSm8jnnLB8taqqLmmK3DHFXibAyo,bankcard
311,697,amancktelowjc@cdc.gov,United States,15uANN3i1ajP8U7MkWaDaagV2DTPR5K1yT,mastercard
312,700,dpesterfieldjf@privacy.gov.au,United States,1NH17mYRntwXEkeFGuA8FWKKL3E45VRgMZ,china-unionpay
313,701,nwhittersjg@networkadvertising.org,Netherlands,1Jb4hNfMJy5g4hPtT8kQQ4bbhGdwTbnmjp,jcb
314,705,khoultjk@statcounter.com,United States,16hqcGxJ8ZpNVMFZ69LNJzecEVkRtCD1Zt,jcb
315,708,mjantetjn@parallels.com,United States,1753Z6kACBntdgBFetPE65UTHjRPVzDdv3,diners-club-enroute
316,711,cguesfordjq@blogs.com,Netherlands,1HsSjH6FpNqbFRckMitfzzPMvXiKHDDL3p,jcb
317,714,epetrasekjt@photobucket.com,United States,19kNuTqPe9qAfApghvfX28fMkrhHmxijr,jcb
318,715,svairowju@dion.ne.jp,United States,18ZXGHLNfV4KUmqcAC39Fa8R4ibPvkUtcD,jcb
319,717,egabbattjw@ucoz.ru,United States,15xtyAjqDP7b7UoACr3qwADG1wRDCPnraw,diners-club-carte-blanche
320,718,smidfordjx@wisc.edu,United States,1FQDb5hEDrb3ho1YbwQMQdoijqHdTkiq9S,americanexpress
321,719,kmoxonjy@ibm.com,United States,1Hr5nxKisSsYHEvaSMST9dooBzMn6f7NUq,diners-club-carte-blanche
322,722,lcalek1@naver.com,United States,198CteVDukSgRNCRG6F1sDk8tah3SX1ADs,diners-club-carte-blanche
323,724,scritchk3@google.nl,United States,15zKwq12NHpbpUxnkwTcZsEZeijVoxLkro,laser
324,726,sbarltropk5@cargocollective.com,Netherlands,13LecqUHZxxptc47RXRDcvhDgQHwxqTKVV,solo
325,731,rtodeoka@bloglovin.com,United States,14JusCVfbHYumxm4LoMBXprjyiLrAHoQ2r,jcb
326,732,rbuckhamkb@altervista.org,United States,1HAr29UZp3Ex4RGi9duw9HGN4hiqcusSVU,mastercard
327,735,lcomberbachke@quantcast.com,United States,15NUoiw6pdvg8JdyCVcAhy88FyxtuAsEPD,switch
328,739,tmatterfaceki@usda.gov,United States,15gzxwd3xeDVzxX1zKgpEZzwQMEsmzLyy9,visa-electron
329,740,vkamienskikj@ebay.co.uk,United States,189eos8tG9L34kUgyHgVb8CjHG8qgSRhF7,jcb
330,742,haldinkl@state.tx.us,United States,1AYzykz8Ji4o4LcsNcAZcc4Pvt7J2T2Y4,china-unionpay
331,743,tmaciakm@wikispaces.com,United States,1KtVGoend4R6nRvbbDNK1G8RH9ZgFkpupY,jcb
332,744,amccaffreykn@ehow.com,United States,1KiFyKXjCHwggKx7NNzkUiW6KSY8nSMND9,jcb
333,748,dinnottkr@php.net,United States,1216Zqmg7iigqVaBNC4PJBhthw4JhVYn7X,visa-electron
334,749,mbellenyks@salon.com,Netherlands,17qnQP62quZFAzU7QXFpHjMugPcFyoMXHm,bankcard
335,751,callibandku@scribd.com,Netherlands,16pUgN3CTqFCLB2pmBSUjoxyZEreQu4AvB,jcb
336,752,hbradbeerkv@pbs.org,United States,1AedzUdGizAuYC33hZizUkJ11KRJ3fCudL,jcb
337,755,krangerky@apple.com,Netherlands,13MLLGGZBp6y24hg13bFA8org9qwwup2fK,americanexpress
338,756,cparlettkz@wikia.com,United States,1HQGg1QcGXhfTVw6GW8LUAFpcEcNjL9W4e,maestro
339,757,tgolyl0@fda.gov,United States,1FcBAEXKKdm7tz1Q3DQUV4j2XAX59Zejyq,switch
340,758,zfirthl1@narod.ru,United States,1QAsPeVqCtkB9SoWWbh7myvF4rizxwE2zv,instapayment
341,759,bhaddacksl2@1688.com,United States,1L38TW8HVufLctQEQXmemEGCzCMg7RhHE2,jcb
342,760,sbathaml3@twitter.com,Netherlands,1PapZUVtXEaqD14JtSUhhZcPWR61aNK9kS,jcb
343,763,abredeel6@cpanel.net,United States,167Cn2stDCPwLKGnSYdPQEqv7nDxEp9q9h,jcb
344,765,lvernal8@webmd.com,United States,1EjYyKVtq45mrU6yyefUhxZidWqQ1tUwRt,americanexpress
345,769,tbritianlc@forbes.com,United States,19UUD6jNhWFYK9BhBhFLVnJMpQFkUfmFpi,maestro
346,771,alangthornele@blogger.com,United States,14MB6avvkE8sqbonEzUxQzBC79ALuej9Ja,diners-club-us-ca
347,772,cmebslf@qq.com,United States,1NiCudpvYkHmVfMd9EWwcWAxVY2XR99XfW,jcb
348,773,shargreveslg@sciencedaily.com,United States,1EzpH67bkHgorfCR7xVyEJey8rBJexPuMn,jcb
349,774,parrighettilh@sogou.com,Netherlands,1Myco7rqZBPkR5XdyfqkPot9aPPvJvFZS9,switch
350,776,lcarberylj@dot.gov,United States,121Wkzotyv6F3pfXj7hxsFqzbXws3v11im,jcb
351,777,srymerlk@google.ca,United States,1PSJzDoQywpTrBqruDXkaTSe1SXj9DHbdP,diners-club-carte-blanche
352,780,csnowln@parallels.com,United States,18Se9C3hQTJwsoNdD3eFRpa5v2NAhg4CyQ,china-unionpay
353,784,gnutkinlr@weibo.com,United States,1PiDCAn9rhDc5bjR3cibtEpRCD578MNZ6L,diners-club-enroute
354,785,mdenajerals@sourceforge.net,Netherlands,12N2XC2Mxzu6eLd2CTQkS8NKtdYTXvr2kS,switch
355,787,gsparhamlu@odnoklassniki.ru,United States,1DCKQok3CdUcaQYzhWhFg8XQz2sCqMvAL9,visa-electron
356,791,lwhitewayly@jimdo.com,United States,18bjcmzEEeMkKBw9jw47h6Cjzypxu3Hcyy,diners-club-enroute
357,793,ethunnercliffem0@gmpg.org,United States,1BGWsGBaFDE7sv3XpK1aiekRYMWQLciEhL,jcb
358,795,mrowesbym2@va.gov,United States,1CqkUxD6Hx4cdXxGEPkLr7crW6LqDPB9Wa,solo
359,796,mhodgenm3@facebook.com,United States,1Ns5y2a19kwtLSZ3xKQ4oNMcTEnyjm7CCZ,jcb
360,797,kemmettm4@economist.com,United States,188Nhxj2sk8Vt5DzjCDWr1niZA7HbFqo8E,jcb
361,798,jhugninm5@ocn.ne.jp,Netherlands,15tgDNJrxLs78sVijcBeCriRURp24JDqB9,jcb
362,804,tfeatherstonemb@tumblr.com,United States,18qhssDzxsLSLWC4hTMvN7qvKVT4izFAV4,diners-club-carte-blanche
363,805,gdodswellmc@who.int,United States,1KJNtYtRaz86Z6NpeyJtRt8AkY9E5NaKSY,jcb
364,806,smulreanmd@china.com.cn,United States,1E9LSAd8PkrGCTuCdPbuXAQ4qQ3FDtUZeb,maestro
365,807,wthornewellme@moonfruit.com,United States,15oNZfVipuv2J63BZqLTqPSsJr475pZygQ,jcb
366,809,smocharmg@tiny.cc,United States,1EXDsbTn1N8CpVTyygVDC1gi76k2rkn58B,jcb
367,810,dgodingmh@time.com,United States,16XzVk4NAQanc3gvUn4LRqPqEoC5qM3eTo,diners-club-carte-blanche
368,811,okleinmi@paypal.com,United States,1NuNzSUSU5crMwgcNKpbCb128sUs3ZD27e,bankcard
369,812,pshortenmj@vimeo.com,Netherlands,1Mr6usqpuYeS431Vzycq8GpwuMCipdP3mw,jcb
370,823,pvintermu@cnbc.com,United States,1Q4aa17cyh3SU8dj1oR2yP8CMcBvw8bMe4,jcb
371,824,hsprymv@blogtalkradio.com,United States,19a293STkNwW8WKDetBoPYvLGJMBib9x85,jcb
372,825,abuttersmw@bizjournals.com,United States,12jLVVjW8Ej1uiR7VQACzXkhuCCMMR2GhT,jcb
373,826,ccorcutmx@google.cn,United States,1LxVWVPs2eQX25ZiJUkHSajkisdqZc5UET,jcb
374,827,akeenermy@tripadvisor.com,United States,15jqYm1Kh7fCDehg59UAR1JTRiyhxQur8r,solo
375,828,kbannermanmz@cpanel.net,United States,1AfaME68EXxq7AvJjLDEX4BQ812rDaPMVD,diners-club-international
376,830,iaspn1@google.fr,United States,14VSMC5JWhvPXAisGR9KyM8Y6Bv3X9B3KN,americanexpress
377,832,ihanwrightn3@skyrock.com,United States,17n3KKM8Qfi8nLaiZrn2BKMC8HdDmk3pQh,jcb
378,833,gsimeolin4@prnewswire.com,United States,17CSZdYrvAqA7rGH2Dsc9KXK4yDQkVjftK,jcb
379,837,ydowningn8@fastcompany.com,Netherlands,1E7ZJuTeuSG8Sj4ocNWMymJLERfD1qDYA7,jcb
380,838,hbirdwistlen9@sakura.ne.jp,United States,14mzepemj7NYVXRYRZHZLQ1Qi7bfk4xnH7,china-unionpay
381,843,mstarmontne@icio.us,United States,17JoWkJZ4UVVtFQ5RDgrqYaqDuRWZb2yi,jcb
382,845,omockettng@redcross.org,Netherlands,18UeESWffKqdqg23yfZfZcYAkPVT6cmuD6,laser
383,850,imisknl@last.fm,United States,1PE4hkELz1jMrPiMbxEN4FHVPAkcNJNiD6,mastercard
384,853,ahasteno@cmu.edu,United States,1AsBws23fTJ2LQueshu9t3AX3g16LVMZ2e,jcb
385,854,mzaniolonp@hc360.com,United States,18kxkSkvGnSHDsDuYFKEjKmXs2FdviCi4T,laser
386,855,tferencnq@phoca.cz,United States,14Wvp4UWZquMTWkEf3sK1EGyELbk8bygqB,maestro
387,856,jbrideauxnr@live.com,United States,139tNhHwUPu3YUYagXCHeN4Ay6Kuaa3Rti,solo
388,857,ustinsonns@imageshack.us,United States,1J9EWwokCSJs5sTy2AHiq36LoS7Hya4h8q,americanexpress
389,858,wnewburynt@engadget.com,United States,1CBbZB8sPG3u1DdhPsaePdUBE4E19a8f2D,diners-club-enroute
390,859,mrahlnu@dmoz.org,United States,15wWfDp4nTcudXDkwpyXj6UjnGvQqyn1oQ,jcb
391,862,pmazellanx@cocolog-nifty.com,Netherlands,1GcWp25A1odq7XCoG6HyiCJ2UYDREWrgVP,solo
392,863,psharpeny@wiley.com,United States,1PM5YWsi8SX83RzAswDt9bjpazvH8qsqr,diners-club-carte-blanche
393,866,lccominio1@360.cn,United States,1YKx8cJXxHCAnALsU8pkLfXmPV1JyRmH1,maestro
394,868,akeyteo3@google.cn,United States,1HgqfnGXM2ePTYowr6K2zPqsYScQk6b3p5,jcb
395,869,atunaclifto4@sfgate.com,United States,1M22BqNLKAwPYuTGPFT7b6MUYRwbHSsmFk,jcb
396,871,qguislino6@people.com.cn,United States,1Pr9LcynGzfp7B6BAMhrx5rkXLekhYoTP7,visa
397,873,lmcgillivrieo8@columbia.edu,Netherlands,1N75fjtmFdQJmMpacg4oUdt7cWYJXpdKD1,china-unionpay
398,874,cbrunao9@mediafire.com,United States,1M75YPgDXKPq1eFrF7AsWPDTZBcLHpMoTn,maestro
399,875,shoppneroa@economist.com,United States,1LJcGdFpru438t1AdaLDboAWfGRwYX45sX,jcb
400,881,pfenechog@de.vu,Netherlands,16y7pXoKxg3WrBumhLPq3JoTjhCNtCgEMq,solo
401,883,kantwisoi@springer.com,United States,1KMQAfTVC4riB9rStWMhmSQZ5gcrRGEV6h,jcb
402,885,wswannackok@uol.com.br,United States,17YPvxd4KL363udpMAYb2Nf3e5fUyRHHKQ,americanexpress
403,886,hdrewettol@pinterest.com,United States,1Bosd8gENvzUjMVvt5j5RXyxe3DXozcoxR,mastercard
404,889,hbaystonoo@multiply.com,United States,1PWVJEZ2xmnt2RamUerQZZEYaax5GboTV,switch
405,890,dvynallop@mit.edu,United States,143qN2M5ejXbE8PdNLgC2Axqj3iu1KinsA,visa-electron
406,893,dcabaneos@ca.gov,United States,15BGffECKavHn4cyHe15jSpyriejADgY2n,mastercard
407,894,mcicconeot@mac.com,Netherlands,1HTBF19dSGssNoC8VWcv3BWbBpi7jYvEZd,switch
408,895,gstillyou@vk.com,United States,1JbQUNWENAtmGNBxeSaxzZ9VgowBfiH9P5,jcb
409,898,evidgenox@cmu.edu,United States,1EoiBgChNmGznW19xo82t7Zt15sGQr8VJ,jcb
410,899,tgraseroy@delicious.com,United States,1HGa3UQjn2Vg2saVzXGWvpfvEL9xdRrkQL,maestro
411,904,dgarveyp3@vkontakte.ru,United States,1DPayYh1yvjvDJCYRWymtGSgCk2iqNNs1j,mastercard
412,905,rrosonip4@skyrock.com,United States,1Mj15H6MYQDzbd2RdoRnm4Payx6R1fSZFS,jcb
413,909,rerridgep8@last.fm,United States,1KARAwTd5zSm56ESgJ3BFoBxYCEBYDDc4Q,visa-electron
414,912,arohmerpb@cpanel.net,United States,1DSwvjUyRCpoMMozYGfoiVJk4WmVnZL21j,visa-electron
415,913,abrughpc@mozilla.com,United States,12y2YoSgmL6tUWVk3aBrfkALd7gSYSm7VM,switch
416,914,qwellesleypd@forbes.com,Netherlands,16FJCTiriaZCgyfnWCiJnua1Bka3aBjgrt,jcb
417,915,smastrantonepe@opensource.org,United States,12Ce4CHLVmKoFw82YYCvJeGs4TFAsifzAK,jcb
418,922,dmariepl@army.mil,United States,1LZZbMUfUZDvziuKS7o3AEtTqcy8W61TfD,maestro
419,926,sbramwichpp@hud.gov,United States,12H4C4Bv17oQWgWM2nbqvEFAN2uc2aT8mD,maestro
420,927,coshevlanpq@altervista.org,United States,148uag2u9WFrp1GpEPfzEUwVBC4Ptau9EZ,instapayment
421,929,abuggeps@cbc.ca,United States,1Po4KFNbYR7x2p7jpoX6TXdC7dpf3saKxQ,jcb
422,933,agordongilespw@meetup.com,United States,1Ha85jCpxWqJBwhKUWMgSs1KNcctYQAq1E,jcb
423,934,clairdpx@bandcamp.com,United States,1Kd4E3KALxe6oLiqxmSQkdr1LznC1KP3PY,jcb
424,936,ddingpz@ovh.net,United States,12sKwbCJdoFRKRekKjt85J2gPGP3m7t1DA,jcb
425,937,gespinq0@i2i.jp,United States,1BZabLbSy6AvENmSCWAUH26xUJ83Pzsyos,instapayment
426,939,tcallowayq2@ustream.tv,United States,1EA9YeQP2RhMYQ2AQG7JsK5EsNWq8JiBkW,mastercard
427,941,hcallisterq4@deviantart.com,United States,1CGNVTeELLKvF64v7576nSpB99A4ttvwCb,maestro
428,942,dcrepinq5@wisc.edu,Netherlands,1JK5tVtebu1Dd2gAXcTaS1UCB5BMGijuqa,jcb
429,944,mpietruschkaq7@mail.ru,United States,14TE2Z5xokBiZ5DRPFyK7V7WKfePkk7rK6,jcb
430,948,sstationqb@answers.com,United States,1GDsec8BobV1qMGXy4CwUTs2KBzZsfDNdj,diners-club-enroute
431,949,caldhamqc@ocn.ne.jp,United States,1GvDhbSboNHJhUF9k24L6EwhHFcan4QQvk,jcb
432,951,prisdallqe@ibm.com,United States,1DQNCs4vRjny8tM7zF1WuCnTCRZXQfrUjW,mastercard
433,953,hmacgilleqg@is.gd,United States,183eANdjsHTvUCdrTZRW4fMJhjYAruzkpR,diners-club-us-ca
434,954,rizkovitzqh@thetimes.co.uk,Netherlands,1MQGXo6xCKnPkRfTyjUyrQ2b4DtxxgoKyG,jcb
435,958,jbrounql@github.io,United States,1PgsxFBeCRnq4oL7g36Ce4ZGFkBGi1u1pm,switch
436,959,iogarmenqm@baidu.com,United States,1FGFHdLiLmgfCLgyrQyf4HWjv8rvCp512r,jcb
437,961,ewansburyqo@google.it,United States,12H4rzx5B9o12LZkLae6oaCq5ZH9XfUuXN,diners-club-carte-blanche
438,962,mtanseyqp@dell.com,United States,1ENo7ZXjdLCVmAAV7Y2kAh7e3oC2BSC9XP,diners-club-carte-blanche
439,963,zgoomsqq@devhub.com,United States,13VxLFHy7RTbapWRW8vMearFNxiqQeHLWS,maestro
440,964,atartqr@miitbeian.gov.cn,Netherlands,1HWtSdZgMPTEdzHTAhmnAcFHf3MTasz7zE,diners-club-carte-blanche
441,965,rmcdermidqs@globo.com,United States,1EZ1nM6dwGCyKK1zhPNpJ4yn3GtHp3CsfS,jcb
442,970,uminghettiqx@cbslocal.com,United States,1DjtzrjPzobxXzHuNhqSwDVZ3rKkzV8izB,china-unionpay
443,971,astaigqy@merriam-webster.com,United States,1FpcbzxPA86xXwQ5v4SKuBXNUzyqGjLmYL,jcb
444,973,pbroschekr0@163.com,United States,11331aHa6fzA9jXwbcKNHj9rLM1462gvVk,mastercard
445,975,lzamorar2@phoca.cz,United States,1MhD3AjB3Sm3BuF5ZAuoWjmnw6zJMvvDQS,diners-club-enroute
446,979,telgyr6@usda.gov,United States,1NZJx5dcKqawfgabZMEA5Z56gj32T4RJaC,bankcard
447,981,gschurcker8@army.mil,Netherlands,19158kwDCddVMpQPUKdLz33yfks1cKbKPE,diners-club-carte-blanche
448,984,btodeorb@discuz.net,Netherlands,1LCEj6JuVMjBt6wstfNCofLwWgsgm99NMZ,visa-electron
449,988,pvandevliesrf@fastcompany.com,United States,14HWxGsZ3nSctfvc7Y3DyGEt78jyuqRW97,maestro
450,990,lclasherh@google.pl,United States,175dyBHG9wxwLFtZ1LahYWx4Gq59RDFCd6,bankcard
451,991,fclarkinri@photobucket.com,United States,1LCDdwiu5fWoAVc2e2q2GfgRFr8YWQyMS6,mastercard
452,995,jbrundillrm@google.ca,United States,12BWotVsCE8KAa96WHEhzkKvGLr8Axgggv,diners-club-us-ca
